{
   "ObjectName" : [ "Player", "CutScene", "Piedad" ],
   "PositionX" : [ 3794.29541015625, 1517.1055908203125, 1135.3267822265625 ],
   "PositionY" : [ 915.08013916015625, 932.43670654296875, 845.1473388671875 ]
}
