{
   "ObjectName" : [ "Player", "Stoner", "Stoner" ],
   "PositionX" : [
      177.91195678710938,
      1009.1329345703125,
      628.15032958984375
   ],
   "PositionY" : [
      584.8121337890625,
      135.76141357421875,
      143.53633117675781
   ]
}
