{
   "ObjectName" : [ "Player", "Stoner", "Stoner", "Acolyte" ],
   "PositionX" : [
      177.91195678710938,
      1009.1329345703125,
      628.15032958984375,
      850.65435791015625
   ],
   "PositionY" : [
      584.8121337890625,
      135.76141357421875,
      143.53633117675781,
      582.01055908203125
   ]
}
