{
   "ObjectName" : [ "Player", "Monster" ],
   "PositionX" : [ 113.43374633789062, 368.03005981445312 ],
   "PositionY" : [ 1237.0360107421875, 1224.8631591796875 ]
}
