{
   "ObjectName" : [ "Player", "Acolyte", "Acolyte" ],
   "PositionX" : [
      113.43374633789062,
      368.03005981445312,
      2351.7041015625
   ],
   "PositionY" : [
      1237.0360107421875,
      1100.8631591796875,
      1036.61328125
   ]
}
