{
   "ObjectName" : [ "Player", "Acolyte", "Acolyte", "Stoner", "Stoner" ],
   "PositionX" : [
      4000.4337463378906,
      368.03005981445312,
      2351.7041015625,
      1553.917236328125,
      1495.917236328125
   ],
   "PositionY" : [
      1237.0360107421875,
      1100.8631591796875,
      1036.61328125,
      884.0181884765625,
      1067.0181884765625
   ]
}
